onset	duration	trial_type	value	sample
101.62	5	7.50	4	25405
111.728	5	6.66	3	27932
121.72	5	10.00	1	30430
131.676	5	12.00	2	32919
141.652	5	6.66	3	35413
151.76	5	8.57	5	37940
161.732	5	12.00	2	40433
171.724	5	7.50	4	42931
201.664	5	6.66	3	50416
211.772	5	6.66	3	52943
221.764	5	6.66	3	55441
261.792	5	7.50	4	65448
271.752	5	7.50	4	67938
281.692	5	7.50	4	70423
321.836	5	8.57	5	80459
331.68	5	8.57	5	82920
341.752	5	8.57	5	85438
381.784	5	10.00	1	95446
391.74	5	10.00	1	97935
401.68	5	10.00	1	100420
441.78	5	12.00	2	110445
451.652	5	12.00	2	112913
461.708	5	12.00	2	115427
